scenario,liquid_asset_haircut,deposit_runoff_stress,wholesale_rolloff_stress,liquid_assets_proxy_tl_bn,post_haircut_buffer_tl_bn,deposits_stressed_outflow_tl_bn,wholesale_stressed_outflow_tl_bn,total_stressed_outflow_tl_bn,coverage_proxy_pct
Base proxy,0.15,0.08,0.2,1264.2404569999999,1074.6043884499998,216.81555464000002,76.3600472,293.17560184,366.5395011405018
Liquidity tightening,0.2,0.12,0.3,1264.2404569999999,1011.3923656,325.22333196,114.5400708,439.76340275999996,229.98556934306
FX / confidence stress,0.25,0.15,0.35,1264.2404569999999,948.1803427499999,406.52916495,133.63008259999998,540.1592475499999,175.53718594112036
Gold / FX volatility stress,0.25,0.12,0.3,1264.2404569999999,948.1803427499999,325.22333196,114.5400708,439.76340275999996,215.61147125911876
