bucket,cash_inflow_pct,securities_inflow_pct,loans_inflow_pct,deposit_outflow_pct,wholesale_outflow_pct,cash_equiv_inflow_tl_bn,securities_inflow_tl_bn,loans_inflow_tl_bn,deposit_outflow_tl_bn,wholesale_outflow_tl_bn,total_asset_inflow_tl_bn,total_liability_outflow_tl_bn,net_gap_tl_bn,cumulative_gap_tl_bn
0-1M,0.6,0.25,0.18,0.25,0.25,415.6234632,142.88367125,438.6117250799999,677.54860825,95.450059,997.1188595299999,772.99866725,224.12019227999986,224.12019227999986
1-3M,0.2,0.2,0.2,0.25,0.25,138.5411544,114.306937,487.3463612,677.54860825,95.450059,740.1944526,772.99866725,-32.80421465000006,191.3159776299998
3-6M,0.1,0.2,0.22,0.2,0.2,69.2705772,114.306937,536.0809973199999,542.0388866000001,76.3600472,719.6585115199999,618.3989338000001,101.25957771999981,292.5755553499996
6-12M,0.05,0.15,0.2,0.15,0.15,34.6352886,85.73020274999999,487.3463612,406.52916495,57.2700354,607.71185255,463.79920035,143.91265220000003,436.48820754999963
1Y+,0.05,0.2,0.2,0.15,0.15,34.6352886,114.306937,487.3463612,406.52916495,57.2700354,636.2885868,463.79920035,172.48938644999998,608.9775939999996
