scenario,pd_multiplier,lgd_assumption,ead_multiplier,total_exposure,total_ecl,ecl_rate,average_pd_ecl,ecl_increase_vs_base,ecl_increase_pct_vs_base
Base,1.0,0.45,1.0,5932447150.0,1341190800.9338996,0.22607715956372232,0.4652058279704337,0.0,0.0
Mild Deterioration,1.15,0.5,1.0,5932447150.0,1598479818.0618548,0.26944695462847146,0.5000721958724834,257289017.1279552,0.19183625249203873
Adverse,1.25,0.55,1.0,5932447150.0,1830458486.0940092,0.3085503233002268,0.5216942470085792,489267685.1601095,0.36480095510603117
Severe Stress,1.5,0.6,1.0,5932447150.0,2165129133.754694,0.3649639143864424,0.5695836821047774,823938332.8207943,0.6143334209025804
